product,narrative
debt_collection,paid account settlement told exchange settlement account removed credit report still reporting tried resolve issue company directly refuse talk hanging phone
credit_reporting,received recent credit report hard inquiry pulled credit report without consent authorization tried contact consumer received response removal fraud information report unknown nonconsent company credit pull capital onexxxx capital one auto finxxxx
retail_banking,deposited suntrust bank account suntrust able give lawful money open account requested giving full disclosure came attention sun trust fractionalized money account never consented loan customer fractionalization money
credit_reporting,day late ask company show proff failed acknowledge show proff violation credit reporting act
credit_reporting,reporting closed account year old violation fair credit reporting act
retail_banking,overdraft protection withdrawal received chase letter cath match permanent chase letter attached withdrawal overdraft protection see attached near overdraft protection twice charge day x bank fee increased although overdraft protection lot withdrawal slip writing total credit due
retail_banking,used cash app purchase number stock number fraudulent transaction occurred account resulting stolen
credit_reporting,account reporting inaccuarate false
credit_reporting,account reporting equifax mine liable account authorized user sent multiple letter dispute item directly equifax failed remove credit report
mortgages_and_loans,select portolio servicing trying payoff sell home company providing correct poa title company called given run around issue going since need help
credit_reporting,applying car loan one company applied denied due credit report sage stream never heard used service decision mailed score extremely low feel impacted decision
credit_reporting,submitted several dispute behalf account two late payment equifax corrected error put back past due day week confused manipulating credit profile also submitted dispute behalf correct error mistake gone uncorrected need fixed account never late
retail_banking,bank america closed account accused fraudulent activity reported completely inaccurate probably libelous need remove immediately
credit_reporting,credit bureau reporting chapter bankruptcy credit report account need removed immediately credit bureau already removed public record credit report
retail_banking,complaint related signup bonus opening saving account citi bank opened account met requirement receive signup bonus month passed received bonus credited account contacted banker many time find going keep saying allow day process credit every time called
retail_banking,contacted merchant pay pal supporting photograph receiving wrong product resolved since pay pal representative directed return product address upload tracking receipt called follow representative told wait email correspondence unhelpful assisting resolution three week open case product refund order
credit_card,credit card closed explanation left message bank one ever call back never type fraud account account always good standing credit limit always increased based spending
credit_reporting,shocked reviewed credit report found late payment date gm financial
debt_collection,received unsolicited text message claiming balance owed agency reference number business informed cfpb would mail proof alleged debt copy receipt showing paid full sixteen day later provided
retail_banking,customer bank switched pnc investing wanted pnc pnc allowing link debit remedied
credit_card,best buy credit card used fraudulent transaction company closed account reopened new number numerous dispute claim take care charge first reported incident company told charge would taken care went back word universal card customer year
credit_card,income tax check deposited account connected adp wisely payroll card deposited put card day calling searching end may
debt_collection,sent phishing email impersonating along letter trs recovery service ga stating collecting debt behalf contacted told scam never tried collect debt like report trs recovery service cfpb involvement
debt_collection,citi card trying collect debt supposedly yet found evening put judgement father actually found told never notified never served violation debt collecting also pandemic
credit_reporting,xxxxxxxxdispute xxxxunder dispute xxxxunder dispute xxxxunder dispute xxxxnder dispute xxxxunder dispute xxxxunder dispute xxxxnder dispute xxxxunder dispute xxxxunder dispute xxxxunder dispute xxxxunder disputxxxx idispute xxxxunder dispute filed ftc
credit_card,apply dispute received purchase order transaction bank denied claim
credit_card,applied paypal credit account reference number declined due able verify identity already account social security number also member several financial institution monitor credit every day credit want know come able verify open give social security need thanks
credit_reporting,able initiate online dispute collection credit reporting agency received system available massage agency equifax phone call resulted long wait bad connection able accomplish dispute
credit_reporting,acct amount acct amount acct amount acct amount acct amount
debt_collection,hello unfortunate debt keep popping credit profile advised victim identity theft removed however ha added report tarnishing credit score please rectify issue move forward life attached previous identity theft report
credit_card,credit card used gas station texas skimmer device used copy data credit card make unauthorized fraudulent transaction multiple gas station texas various amount police department informed skimmer device found gas station card initially used police department asked file complaint
debt_collection,portfolio recovery associate llc used obscene belligerent language requesting collect debt shown evidentiary document contract said company portfolio recovery associate llc violation usc
mortgages_and_loans,requested hardship modification upstart almost week almost month ago heard anything back keep saying going get back happening may cause negative credit reporting previously submitted hardship program information nothing changed done rather quickly
credit_reporting,gave formal complaint inaccurate information credit report day later date received response credit bureau federal law day complete investigation
credit_reporting,address show tooltip button select many apply xxxxxxxx tx single family tx single family tx single family tx single family xxxxxxxx tx single family dispute icon currently dispute xxxxxxxx xxxxxxxx tx single family dispute icon currently dispute mine
debt_collection,capital one auto finance trying collect report negative debt credit paid time ago reporting erroneously
retail_banking,would like login pnc online banking app called let
credit_reporting,equifax requested send verification document obtan credit report document sent still unable get credit report due fraudulent address file
credit_reporting,recently pulled credit report fradulent account opened credit report ruining credit unable use financial resource need family pandemic
credit_reporting,file dispute regard incorrect item credit report well day received investigation result
retail_banking,scammer hack account information deposited fake check wired self money bank trying tell pay fraud department take care issue usaa
credit_reporting,contacted experian numerous time letting know creditor run credit contact hard inquiry report hard inquiry experian report without authorization copy social security card police pretty much annoying
credit_card,shocked reviewing credit report found late payment date day late account set automatic withdraw believe made payment received statement
credit_reporting,contacted credit bureau regarding reporting bankruptcy report contacted bk court advised verify bk information disputed three reporting agency refused remove reporting report reporting fraudulently verification bk information
credit_reporting,name wrong alias name previous address report
credit_reporting,sent several dispute credit bureau experian yet send single correspondence respond dispute understand pandemic going still legally required provide result reporting inaccurate item credit file need fixed bureau required respond
credit_reporting,sent letter experian regarding inaccurate account credit report never replied sent second letter still reply day must fix remove account day experian violation fair credit reporting act sent proof identification letter say
credit_reporting,today met housing advisor review content credit report show account still owed according equifax paid student loan affecting process home purchasing say behind want removed please
mortgages_and_loans,check servicer misapplied fund totally incorrect account violating every financial regulation specifically check fund principal interest escrow applied specified correct account
credit_reporting,account listed past due inaccurate account heloc adjusted fixed rate mortgage account current paid agreed correct mistake asap xxxxxxxx
credit_reporting,sent certified letter disputing account reporting inaccurate credit report get result system verified accurate point file sue small court company due inaccurate reporting information
credit_reporting,account please remove victim identity theft thank
credit_reporting,requested investigation follow ups regarding inaccurate information report company ignored request violating right
retail_banking,tfc bank closed bank account without written verbal communication woukd briefly give quick reason give remaining portion account closed warning new account made bank idea didnt open account dont know account number could even know turn get help
credit_reporting,receivables management reporting account credit file debt paid settled recently checked credit noticed debt showing debt paid year ago assured account would removed credit however year later still need remove account immediately debt longer owed need removed credit
credit_reporting,trying get insurance vehicle time every time get quote either come back high ineligible ask get told could credit history good finally decided pull credit report found thing never applied including bankruptcy item mine please remove report immediately bankruptcy
credit_reporting,company dodging duty telling complaint sent submitting letter along selfie holding id verify identity
credit_reporting,numerous occasion asked requested demanded major reporting credit agency remove fraud alert statement attached credit profile seemingly credit agency somehow looked request im filing official complaint requesting major credit bureau experian remove fraud alert statement credit profile
credit_reporting,reporting incorrect amount falsey reporting charged please correct balance remove please remove due statue limitation reached investigation tried different time result nothing changed
credit_reporting,spoke equifax said removed freeze said would fax driver license social security card written request telling wo lifted possibly refused let via phone account show lifted click credit report say frozen
credit_card,authorize auto credit inquiry account
credit_reporting,check seen national credit card co currently reporting credit report affiliation company sign anything company fraud recommend close account immediately reach question need help anything
debt_collection,nationwide collection keep harassing phone call everyday different number account people honor debt dont know harassing never account number called
credit_card,cap one letter dated still chargeback credit still pending credited understand letter need info paragraph say decision remains unchanged decision referring credit afforded need info state emergency cancelled domestic flight flight get refunded capital one expalin please
credit_reporting,submitted dispute via certified mail noting inaccurate information reported credit report requested information question lawfully validated removed received validation response submitted follow dispute received validation response
credit_reporting,tried trans union correct inaccurate information also notified fact violation federally protected consumer right yet delete information per request update consumer report
mortgages_and_loans,called santander filed complaint regarding releasing title included ch bankruptcy successful discharge currently title still name santander
credit_reporting,fraudulent account listed account asked company send information concerning account sent information another creditor never account filed identity theft report ftc report number attached copy report complaint please remove fraudulent account credit report sane way done end
credit_reporting,get credit inquiry credit report
retail_banking,previously completed complaint sure made correctly wanted make sure received attachment sending applied maryland send whole packet reason able send necessary page previous id thanks
debt_collection,southwest credit system report fraudulently credit bureau reference information given acct contract date collection date service address ga account reporting credit bureau fraudulently
debt_collection,phoenix collection called said owed told payed bill directly year ago canceled check guy said ok sent bill marked credit unpaid apperently trying extort collection fee
debt_collection,company failed show proof verified information proof account amount owed account three proof ever account verified three credit bureau attempted ask knowledgable accurate information company supplied
debt_collection,lease forgiving due allowed student leave since allowed leave advised would take care outstanding balance per lease agreement act
debt_collection,company placed collection account result identity theft previously notified still attempting collect fraudulent account placed credit report despite advising identity theft included additional identity theft affidavit recently filed support claim
debt_collection,asked verification debt appeared credit report validate debt simply asked collector send signed medical document hipaa release itemized list showing debt send method validation date alleged hospital visit per fdcpa need removed unless furnish requested documentation within day
credit_reporting,tranunion arent complying dispute request attached letter ive submitted three bureau document section
credit_reporting,credit agency continues report owed purchased original creditor removed two credit bureau
mortgages_and_loans,injured put therefore income decreased fell behind making payment
credit_card,company offered phony promotion statement insert claiming receive statement credit making single transaction purchase gas station qualified making required purchase
credit_reporting,pulled credit alerted social security card getting stolen see list derogatory item mine including bankruptcy account fraudulent need deleted please remove unknown account name chapter bankruptcy dismissed chapter bankruptcy xxxxxxxx
credit_reporting,disputed account multiple time continues appear credit report
credit_card,american express opened card wife name included application
credit_reporting,experian wrong dob listed credit report along incorrect name address telephone number ssn called disputed time since allow dispute line file still incorrect
debt_collection,notified regarding substantial decrease credit score due appearance new account upon reviewing credit report three credit bureau noticed appearance collection filed sequium asset solution llc regarding debt owed never notified debt sequium assat solution account routinely timely paid
credit_reporting,deptednelnet account reporting similar inaccuracy late day remark coming right good payment
credit_reporting,trying get insurance vehicle time every time get quote either come back high ineligible ask get told could credit history good finally decided pull credit report found thing never applied item mine please remove report immediately contacted ftc local police behalf please remove report
mortgages_and_loans,time uncertainty purchased vehicle year old asked collection representative would like change car payment due date month stalled rep told perform extra activity usauto servicing change due date time initial sale contract due
debt_collection,collector keep calling cell skip tracing mother debt client trf
debt_collection,check credit report notice collection mj altman company inc debt mine never owed anything removed credit report consult attached copy letter
retail_banking,opened well fargo business checking account promised promotional bonus still received called emailed multiple well fargo honoring promotional bonus promised denied bonus
credit_card,citi thankyou preferred master credit card couple year single late payment issue good customer requested online representative increase credit line approve good credit score well
debt_collection,consolidated recovery say owe debt company worked someone opened intuit merchant account name social security number knowledge never signed keep trying explain consolidated recovery keep harnessing put credit report received letter saying taking legal action
debt_collection,received letter stating owe never missed payment last year business continued current customer type scam company need shut letter opened letter dated
mortgages_and_loans,spoke lender requested extend forbearance plan due financial problem related confirmed loss mitigation department shellpoint forbearance extended however received word saying note forbearance extended placed sale date home believe illegal
debt_collection,getting text message mr associate saying collecting debt keep reporting spam blocking number continue text different number aware debt debt legitimate received written notification called company told remove list continue get text
credit_reporting,back lost wallet personal information inside think much went get new social security dl continued everyday life never issue couple day ago decided pull credit continued get suspicious letter mail looked report shocked number item opened name suspicious item mine please remove report collection
credit_reporting,sent letter asking transunion investigate item believe inaccurate sent another note today received response notification investigation begun
mortgages_and_loans,td bank failed process mortgage payment timely claim owe due error threated report credit bureau mistake failure process payment horrible
credit_reporting,independent contractor company discontinued relationship offer advertised demonstrated misleading opinion unsound tactic addition marketing platform provided via search misinterpreted service suggestive nature sent marketing department remove name completely done
credit_reporting,trying get incorrect address belong removed credit report sent letter every month equifax received mail back movement please remove wrong address proof residential address attached nc sc nc sc equifax nc nc
mortgages_and_loans,received notice navient loan refinanced never requested contacted refinance asking provide proof give copy document signed course keep stating mail never received paying extra loan paid ahead little interest remained old loan interest cost significantly higher
credit_reporting,husband purchased home reached penfed multiple time inquire mortgage showing credit report representative stated know escalate issue able reach someone today stated would open ticket could provide reference number mortgage need reflect credit report
debt_collection,sent certified verification debt letter medical business bureau unfortunately bureau failed provide documentation signature verifying debt pay pay anything verified requested detailed documentaion bureau could proivde info
debt_collection,reached capio partner reference account account result identity theft reporting report inaccurate violating fair debt reporting act
credit_reporting,transunion responding dispute disputing item credit report non responded patient understand covid caused delay getting ridiculous law still notify respond within day erroneous item credit report need removed immediately
debt_collection,recollection company received personal information violated consumer right according fico received documentation company nothing furnish
credit_reporting,driver license suspended letter dmv saying good standind
debt_collection,debt collection credit report mine never account
credit_reporting,fdcpa section violation falsely reporting
credit_reporting,first progress reporting debt credit file owe know debt checked credit receive letter call notification debt soon found paid debt requesting debt removed credit file
mortgages_and_loans,vehicle taken month ago sold yet balance still showing credit report remaining balance owed yet brought car made payment car year steward financial svcs rip finance company took car pocketbook belong friend
debt_collection,learned navient requested received hard copy credit report never authorized transaction requested applied loan company navient continues act recklessly carelessly unethically
credit_reporting,account credit bureau account past time frame allowed reported proof account eight year old never able prove account ever payment time frame violating fcra three credit bureau transunion
credit_card,never late payment minimum payment called american express twice asking explanation give answer best answer minimum balance balance card preset spending limit learned put account limit get information advance intention pay walk etc kind charge create stress
debt_collection,collection company keep putting erroneous misleading information credit report keep taking replacing back believe criminal point willing travel anywhere deposition court proceeding
credit_reporting,freeze credit report five credit bureau need removed immediately following bureau listed equifax
credit_reporting,submitted letter show submitted request three major credit bureau remove bankruptcy none three removed bankruptcy addition never bankruptcy could charge account bankruptcy exist conspiracy blocking account recent credit card report bank two four blocked
credit_reporting,rd requested credit freeze removed file name oh please remove credit report dob s attached id s card
credit_reporting,filing complaint ignored request provide document company file used verify account disputed gone past day mark verify account section frca required promptly delete information disputed please resolve manner soon possible thank
credit_reporting,tired resolve issue writing company unfamiliar inquiry also never seen credit report request free annual report notice company didnt respond like requested delete credit report day didnt hire help issue im referring file
credit_reporting,sent letter trans union notifying checking credit report several credit inquires authorize credit report requested validate information provide copy documentation receiving response day sent letter demanding follow still yet receive validation proof investigation investigation method
debt_collection,since sent frost arnett four request debt validation attached copy recent letter dated proof fax delivery including letter sent bureau verify debt collection agency validate debt enough time want account deleted
credit_reporting,hello recall missing payment capital one reached two company time time help correct error informed matter would handled accordingly told error part issue would forgiven updated reflect report pleading please correct error
credit_reporting,stating signed product never received good aligners never received proved never received service teeth still messed one account att knowledge currently att therefor dont know problem transunion deleted item past back report refuse update belief reporting agency
credit_reporting,process trying rent apartment credit got pulled saw several thing belong credit report item please removed credit report
mortgages_and_loans,purchased vehicle fro texas paid payment signed finance contract came make payment finance company southern cascade fiance decided deny contract make resubmit everything resigned another contract week ago southern cascade fiance demanding paystubs document related loan threatening come take car
credit_reporting,already sent document first complaint experian claimed received resending document per experian request fraudulent item removed blocked
credit_reporting,reported credit error gave day day still deleted erroneous information
debt_collection,employee called today without first call portfolio recovery fdcpa violation proof ownership provided mentioned legal action considering point consider threat regarding old account
credit_reporting,contacted jp morgan chase bank card service negotiated settlement balance owed also told account would deleted report balance waited account still exists
credit_reporting,submitted two dispute incorrect information removed report dispute result stated item would deleted spoke stated updating profile month item still remain
credit_card,late payment remark account due covid due circumstance get chance knowledge time delinquency get payment deferred causing damage applying mortgage typically always pay time ordinary situation
debt_collection,pro charged amount credit mine never agreed signed amount also made aware negative inquiry tried disputing charge multiple time time say debt mine there proof want prove give documentation debt provided document stating debt mine refuse remove charge credit
credit_reporting,account belong recently added credit report disputed requested documentation received
credit_reporting,disputed late payment credit bureau updated late payment info say positive late payment however experian asked experian verified information sucessfull attemps high credit also reflect last payment say
credit_reporting,victim identity theft information listed appears credit report relate transaction made result identity theft please delete block account credit
credit_reporting,account credit profile never account financial institution please support account method verification type binding agreement account sure
credit_reporting,credit card show credit report limit showing day past due never opened card account belong filed dispute experian called file dispute well woman phone took information name address phone etc said would look dispute came back accurate fraudulent account negatively impacting
credit_reporting,account original debtor account number collection opened reported experian report debt reported experian investigated yet item remains report disputed requested signed proof opened account provide account never opened yet account remains open credit report
credit_reporting,looked internet hard inquiry stay person credit report month transunion remove hard inquiry credit report hard inquiry removed transunion seems problem keeping credit report accurate
credit_reporting,hard time credit bureau helping correct error reporting credit report
credit_card,date someone tried obtain credit card name help
credit_reporting,address listed correct new york address lived lived year club activity joined made applied data finance authorize
credit_reporting,writing believe account never applied responsible debt victim identity theft somebody used personal information applied account
credit_reporting,ask many time account remove account next next file lawsuit
credit_reporting,loan dsnb bloom dsnb macys always made payment time see always stellar payment record company tried contacting dsnb bloom dsnb macys successful resolution definitely error part
credit_reporting,contacted credit bureau multiple occasion yet fix issue multiple inquiry credit report authorized need removed immediately
credit_reporting,experian still reporting bankruptcy belong removed inaccuracy sent letter experian follow suit also told verified court bankruptcy filed reached court sc got written letter dont verify item letter sent experian said verified court big discrepancy
mortgages_and_loans,asked toyota motor remove fraudulent inquires avail
credit_reporting,fraudulent credit account fraudulent credit account
credit_reporting,first time encountered identity theft pulled credit coupe fraudulent account belong find name social security used open account also trying file tax consultant informed social security number already filed please removed unknown item report soon possible
credit_reporting,violation fair credit reporting act requested block fraudulent item credit report failed timely manner
credit_reporting,collection doesnt exist cant prove invoice affect medical prove bill paid request collection removed credit report immediately causing tremendous financial burden call grant weber told case mngr x dont even invoice going customer told unproven claim never put credit report please help correct
credit_card,citi bank ran credit without permission notice closing best buy elite card never made late payment account given notice give permission run credit
debt_collection,account fraudulent account theyre trying collect mine open knowledge somebody stole identity open account knowledge im alerting proper authority
credit_reporting,currently numerous inquiry public record listed credit report knowledge knowledge ever bankruptcy inquiry authorized initiated result fraud malpractice
credit_reporting,experian continues report fraudulent inaccurate information credit report investigation system flawed violation fcra continuously reporting negative fraudulent information credit report
retail_banking,pnc let link account external source solid reason see happened
credit_reporting,xxxxdispute xxxxdispute xxxxdispute xxxxdispute xxxxdispute xxxxdispute chapter bankruptcy dismisseddispute filed ftc reporting public record opted
credit_reporting,toyota motor credit put negative action credit report wasnt
debt_collection,recently obtained copy credit report national credit system continues violate right according fair debt collection practice act fdcpa also company violation according usc attached copy id company defaming character constantly reporting debt credit report violation according usc
mortgages_and_loans,pandemic wife lost job pandemic fell behind payment due loss income tried working directly honda fix supposed help u lates hit credit report date part xxxxxxxx vet everything make work time payment caught requesting remove lates credit report
credit_reporting,contacting citi bank year day sent letter response company credit account opened name closed account mine tried contact dont help went credit reporting verify account mine sent several written letter response
mortgages_and_loans,sold paid mortgage loan almost day received return unused escrow fund
credit_card,loan withbankamerica always made payment time reason realized late payment credit report see always stellar payment record company tried contacting transunion bankamerica successful resolution xxxxn reporting late definitely error part
credit_reporting,looking credit report notice fraudulent account belong never authorized contract business company following account listed
credit_reporting,usaa reporting debt credit file owe recently credit pulled notified usaa still reporting balance account paid month ago debt settled full need removed credit file account causing home buying process delayed deragotaroy account anymore need fixed asap
mortgages_and_loans,upon running credit issuing mortgage commitment several closing date changing mortgagee insurance midst pandemic financial uncertainty cross country mortgaged misled mistreated blatantly lied multiple occasion saddens cross country operated manner caused pocket expense
credit_reporting,amex add hard inquiry credit report per
credit_reporting,collection account experian credit report belong removed experian allow dispute
credit_reporting,last chase credit card put hard inquiry file dont recognize hard inquiry trying contact chase remove hard inquiry file company dont give answer ready call told need fi directly issuer bank
credit_card,amazon store card closed stating highly risk paying credit requested account manager review decision reopen account never history late payment always paying time still amazon store card synchrony bank closed account reward point also taken away
credit_reporting,several account reporting credit file inaccurate mine following account inaccurately reporting late date open bal equifax following account belong account result identity theft date opened tu equifax bal following unauthorized inquiry time xxxxxxxx xxxxxxxx
credit_reporting,dear amex duplicate complaint following information need verified deleted credit report soon possible fraud account
credit_reporting,check credit upset account authorize understand possible work hard kid support making sure create good life want able purchase new home begin start process decided check credit notice victim identity theft would like matter resolve item removed credit
retail_banking,bank restricts certain apps transferring money shouldnt allowed restrict using transferring money easily
credit_reporting,process trying rent apartment credit report get pulled denied due several unknown item report printed copy credit report check reason denied realized someone using social security number open account never aware account belong please remove item report
credit_reporting,removing freeze experian way problematic phone system circular writing letter fix phone digital security question take consideration mortgage sold possible one know new mortgage company name live person option mandatory consumer need better choice
retail_banking,attempted open saving account online bank already current checking account holder denied denial stated due lexisnexis identity verification
retail_banking,pnc made change allow reputable investment service linked account owner service completely secure allows customer additional way easily save future
credit_reporting,multiple hard inquires experian report show tried applying certain credit card inquired inquired inquired xxxxxxxx inquired
retail_banking,trying make investment sync account transfer bank allow inconvenience
debt_collection,medical data system reached medical data account account result identity theft
mortgages_and_loans,received title loan title max ga set reoccurring payment never contacted loan problem came late saturday afternoon find car towed notice home belonging immediately called closed long time tow
credit_reporting,noticed account credit report currently litigation showing credit report
retail_banking,charged draft fee purchase havent received account deposit made transaction posted account charged day bringing account negative status called customer service told nothing could done charged overdraft fee transaction never posted account
credit_reporting,two closed account taht mine sholud deleted equifax sent documentation stating deleted information however still showing credit report need two account deleted credit
credit_reporting,every time get quote insurance either ineligible high would always ask reason always get told could credit decided pull credit extremely shocked outcome report thing listed application mine please remove item bankruptcy dismissed chapter bankruptcy dismissed
credit_reporting,victim identity theft look credit file notice account give consent cant understand could happen stressful personal information hand stranger please remove fraud account credit
credit_card,account open without permission claim limit credit card issued however claim record never even knew exist card open fraud even understand card balance contacted chase many time inform fraud
retail_banking,well fargo suspended account due suspicious activity reality wiring money international account therefore suspended online banking account refuse reactive saying way reactive account come person one branch live abroad right physically
retail_banking,capital one verify bank account stock brokerage think legally customer right access account info source necessary
debt_collection,company trying collect outstanding interest loan paid full
credit_reporting,capital one well respond mail call dispute sent credit letter capital one still failed respond give anything
credit_reporting,receiving letter mail owing child support money quite sure kid live never put child support also got denied credit card xxxxxxxx due low credit score pulled credit saw two child support item loan account belong strongly believe identity stolen please remove item report xxxxxxxx xxxxxxxx xxxxxxxx
credit_reporting,fraudulent inquiry credit report inquiry hurt credit trmemdously also causinf lot emotional please investigate fraudulent account popping credit profile one dropped score lot fair
credit_reporting,contacted equifax concerning mortgage account profile sent photo copy driver license s card recent utility bill account removed responded matter
credit_reporting,sure believe someone trying use identity apply new credit line reached td auto finance get inquire removed resolved matter
retail_banking,booked trip travel agency due trip canceled travel agency sent email stating contact cardholder refund contacted bank chase bank refunded money took money back never received went trip dont money
credit_card,chase bank hold business credit card name company month last company credit card refused transfer card new partner business even though shown secretary state website longer part business chase bank notified payment due allowing make payment online reporting missed payment
credit_reporting,notice multiple account reporting credit profile never opened authorized
credit_reporting,asking remove extended fraud alert every time call say information doesnt match sent documentation certified mail return receipt got back still change also none credit file reporting mostly everything inaccurate
credit_reporting,credit report received experian wrong name information
credit_reporting,notice negative item account car financial service sent letter asking information dealing account attached copy
credit_reporting,recently learned creditor reporting inaccurate information credit burial learned loan officer gave copy credit report contacting luck getting problem resolve
credit_reporting,equifax reporting bankruptcy credit report according bureau information came letter enclosed could verify accuracy reporting bankruptcy listed credit report attached letter saying could verify
credit_reporting,attempting dispute something credit score transunion required create account access feature charged plus signed monthly subscription service created account website intentionally misleading show would charged anything creating account
credit_card,getting benefit reviving month also trouble debit card went make purchase always said declined bank america way gave issue
debt_collection,company hold contract received service reported collection account ssn amount credit reporting agency requested verification debt account however business failed provide adequate proof considering business contract good service provided provided adequate proof obligated pay alleged debt
credit_reporting,experian account old removed credit report fraud never late credit card never late never late
credit_reporting,sent dispute letter experian back report came back reported correct corporate office show record account credit bureau telling information getting creditor ask validate show guy told couldnt
debt_collection,sent company letter stated account mine day fair credit report act state law day respond letter also contacted company told self debt mine issue get resolve choice use legal action giving fair waring please contact main credit bureau tell remove credit report asap
debt_collection,ive sent debt verification letter collection company lied said receive letter recent complaint sent cfpb tracking info saying otherwise received anything spoke
credit_reporting,reviewing credit report discovered inaccurate item credit file belong caused serious damage credit many business opportunity wont able get anything done fradulent activity file attached credit report highlighting account inaccurate transaction please account remove permanently deleted credit report
debt_collection,somebody bought insurance name insurance company auto even talking company explain car never bought policy still holding accountable balance due send collection service receiving letter getting please need help matter resolve effecting credit
retail_banking,paypal used checking account instead card ending pay invoice never authorized please credit checking account charge credit card
credit_reporting,filed complaint cfpb trying collect debt belong responded complaint would remove credit report still reported
debt_collection,order verify debt sent certified letter portfolio recovery associate llc attn dispute va asking copy original contract showing signature proof charge signature today date sent proof owe debt information showing signature continue call phone number tell call send information requested
credit_reporting,account credit report need removed longer account authorized user affecting credit score account need removed equifax enclosed letter thank advance assistance
retail_banking,fraudulent account checking account open discover bank used open name never gave permission discover bank open cheeking account name discover refusing closed account remove account site reason victim identity theft knowledge account never gave permission open account
debt_collection,keep selling bad debt several collector constantly disputed deleted credit report first disputed cbe disputed deleted sold multiple attempt constant proof account like permanently deleted
credit_reporting,dispute filed letting credit bureau know accurate information credit report credit acceptance corp
credit_reporting,already documented identity compromised aftermath left credit file unauthorized account well inquiry respectfully demanding removed due fact unknown unauthorized please remove following inquiry immediately
credit_reporting,pulled credit first time year derogatory item mine including twxxxx bankruptcy account fraudulent need deleted please remove unknown account name chapterxxxxbankruptcy
retail_banking,netspend locked account due fact said used password time missed true downloaded push square everything come would let two check need cash cash first one would cash second name social security
credit_reporting,year td bank late payment wasnt fourth like deputy
mortgages_and_loans,coronavirus crisis ca work asked postpone mortgage payment month thought trillion stimulus package allow homeowner hurt health crisis postpone payment cooper different opinion thanks heip nobody need see document attached
debt_collection,sent id theft letter police report several time debt collector refuse remove debt involved identity theft attempting collect debt involved identity theft account name never used name
credit_reporting,balance record currently reflecting past due balance account closed charged showing balance delete account violation balance account updated correctly still reporting incorrect payment history please delete
credit_reporting,several alleged collection charge account showing report fcra im demanding removal
credit_reporting,filing last complaint late payment lakeview agreed remove late payment update account credit bureau day ive checked credit still showing late
mortgages_and_loans,im looking credit report navient asking payment along charging interest pandemic
credit_reporting,original creditor removed account beacuse wasnt mine company bought lvnv funding kept last payment date wasnt original date collector bought stated last date paid wrong beacuse never recieved payment
debt_collection,synochrony bank issuing credit card social security fraud alert placed credit report recevied letter fraud review credit card opened called bank told card mine never applied card received card lose know next
debt_collection,alpha recovery corp co give personal information date birth last four social security number recorded line without properly identifying
debt_collection,employed received health benefit assumed benefit covered visit clinic never received bill notice pay dispute bill first realization debt existed checked credit report visited credit report say asking collect tried contact could get phone
credit_reporting,identity theft navient trying collect promissory note wrong spelling name fraudulent signature navient nothing two month sent certified letter keep ignoring wont take credit report
credit_reporting,writing today noticed inquiry company credit report listed kia motor finance authorize inquiry credit knowledge even applying financing company listing violation fcra need removed soon possible
credit_reporting,applying equifax free credit report initiated equifax requires file paper form saying online delivery unavailable experience credit reporting company repeatedly requiring jump hoop get free credit report valid reason extra step seen multiple time big credit reporting company
retail_banking,date amount converted purchase serviced supposedly getting wanted get money back seller doesnt want give back said doesnt dont know money want back
credit_reporting,requesting account blocked credit report belong reported account federal trade commission fact federal law enforcement agency like local police im also including current utility bill social securtiy card california driver license verify identity
mortgages_and_loans,told two occasion refinance approved closing imminent first occasion received call processor advised make mortgage payment fund would used closing closing never occurred received late fee made payment happened told mortgage application expired longer eligible loan
credit_reporting,received bill cash central amount loan request receive money identify theft reached company directly filed police report county address received hear anything back recently wherein credit score affected regarding loan collection filed numerous complaint online including response
retail_banking,applied paycheck protection program loan pnc would allow link account deposit
credit_reporting,disputed experian company opened fraud remove debt credit report first time identity stolen open account would like removed credit report
credit_reporting,asked company provide name address telephone number person contacted regarding alleged account bankruptcy requested copy document provided bearing signature showing legally binding contractual obligation account bankruptcy company continues tell item verified public record
credit_reporting,previously submitted ftc report police report identity theft fraudulent account listed credit report following account belong
debt_collection,told debt paid saw debt remove wasnt debt owe fix error left debt already paid instead taking
credit_reporting,transunion file experian report filing complaint transunion ignored request provide document company file used verify account disputed gone past day mark verify account section required promptly delete information disputed please resolve manner soon possible thank
credit_card,credit card used part fraudulent purchase filed multiple dispute citibank helping citibank recently ruled favor merchant despite fraudulent credit card also used fraudulent purchase already ruled favor refunded money citibank unwilling
debt_collection,credit report collection agency attempting collect debt knowledge never signed contract affiliate
credit_card,made purchase response cash back advertised american express received cash back yet dozen contact company
credit_reporting,transunion disputed inquiry kept telling verified ask verified get proof denied request try file police report kept telling cal bureau sent numerous dispute letter
debt_collection,reached system debt dollar appeared credit report asked provide signed original contract responded disputed nothing done received validity debt requested system inc requested
mortgages_and_loans,reporting day late correct thought given deferment due could marked late please help fix get credit report
credit_reporting,settled account number account paid full
retail_banking,money taking saving account without valid reason
credit_reporting,credco checking credit month never authorized
mortgages_and_loans,fed loan service continue furnish late payment multiple time loan account updated however requesting update payment history negative reporting continues compromise credit score
debt_collection,date opened debt allegedly owed consumer right violated usc e validation debt cease desist letter sent
credit_reporting,really bothered account appeared report fact provide document support validity truthfulness account questionable see report lot inaccuracy date payment history asking help get rid account
retail_banking,asked close hsbc direct saving account assured would done day past day account still open see confirmation closure request attached
credit_reporting,filed dispute credit bureau reach lender verify payment history sure purpose dispute present evidence doesnt get taken consideration basically ask provide support even going use figure case feel system rigged beginning consumer doesnt chance win anything disputing
credit_reporting,bank america several time tried notify corporate equity line credit paid still show balance bank america responded state still owed even though bank america show paid disputed several time result affecting credit rating get resolved
credit_reporting,trying get help deleting unauthorized inquiry credit report damaging credit sent equifax letter regarding inaccurate inquiry reporting receive document prove otherwise please assist matter cause causing great stress disappointment getting thing
mortgages_and_loans,give permission run credit dialogue explicitly give permission run credit
credit_reporting,monitoring credit time received recent update show account department treasure amount owe govement anything received anything indicating open date showing nothing called number listed report indicates nonworking number need removed
retail_banking,purchased phone paid paypal returned phone pay pal refund money asked copy receipt detail credit wrote asked mean credit positive amount money deposited account exist credit given back money refunded back denied closed case money case
credit_reporting,company report outdated information way change read report pulled last month three different false incorrect information somebody agency reporting agency falsifing recklessly
credit_reporting,reported via experian erroneous late day late day payment made time sale home shortly thereafter current information inaccurate harming ability purchase new home year later
credit_reporting,sent many police report dispute real acknowledgement thing got report refuse tell happened last resort legal action party involved identity theft victim subjected kind treatment
credit_reporting,submitted several request inaccurate hard inquiry removed credit report dated acknowledged inquiry inaccurate performed due diligence removing inaccurate inquiry per fcra standard
debt_collection,company attempting collect debt rental agreement originally debt already discharged philadelphia municipal court original creditor attempt avoid sued mold exposure forwarded legal judgment dollar debtor first contacted reported debt anyway
debt_collection,disputed telling cant dispute anymore
debt_collection,stenger stenger filed suit court contacted explained never account forced payment agreement could time correct court case
retail_banking,past used send receive money pnc virtual wallet checking say pnc made internal change allow account linked suggested contact cfpb
retail_banking,hello hope everything well w orking coinbase well right account review cant send receive money around friend really scared ca talk via email opened ticket closed day
debt_collection,c system opened bunch medical one credit never sent anything continues call harass call insurance date follow amount another collection agency called called
credit_reporting,time respectfully request copy experian credit report dont know written request ignored would greatly appreciated credit reporting agency mail copy credit report ca professional cooperation greatly appreciated
debt_collection,friend purchased furniture receiving call debit collector found debit name working midland credit management dispute gave email address asked report federal trade commission directed web site cfpb
credit_reporting,report equifaxxxxx ga credit card open standing report mine done round dispute im working also customer name addreses creditor merchant company issuing card billing address etc even defend card account listed dont know bank company debt mi mine
mortgages_and_loans,loan approved keep requesting doc sending document signed closing date loan started approved back forth
credit_reporting,several item reporting incorrectly credit file please remove following item incorrect personal information name name name address experian address address experian address address following item reporting result identity theft date open bal experian date opened bal experian
credit_reporting,disputed account experian credit agency listed account opened fraudulently submitted ftc report police report account experian refuse remove
mortgages_and_loans,case number dated apply loan bank america need document sign bank america apply loan bank america bank america nothing commit fraud consumer document proof dealer well bogus proof run around computer letter proof bank amercia known fraud fraud
debt_collection,unaware debt opportunity dispute also please provide assignment debt method verification validation debt portfolio recov assoc
mortgages_and_loans,month ago received credit alert informing credit score dropped point due change student loan status whatever fedloans entered regard covid student loan relief program caused credit score drop factor credit report changed
retail_banking,username password bank changed told longer access bank account transfer
debt_collection,flagship credit acceptance adhere requested resent documentation giving opportunity cure invoice yet federally protected consumer flagship credit acceptance violated provision usc usc please review attached documentation
debt_collection,portfolio recovery associate seeking collect debt successfully disputed credit agency past debt mine credit agency removed debt report portfolio recovery associate adding item credit report even legitimate debt previously agreed upon please ask predatory debt collector remove
debt_collection,recently saw collection credit report ic system contacted collection agency use indicated debtor live use told disputed account insist mine unable provide documentation mine even reached reporting agency told ic system verfied however one piece documentation provided actually
retail_banking,pnc bank made change online link longer
debt_collection,company calling every day time day submitted claim stop calling week theyre trying collect debt way past statue limitation
credit_reporting,find disputing company every month properly reporting derogatory remark removed yet still present explained company live address well social security number compromised several occasion many purchase made even present state also account time demanding payment lived left moved living since
credit_reporting,loan original creditor always made payment time see always stellar payment record company tried contacting original creditor successful resolution definitely error part
debt_collection,funding trying collect debt amount dated zero knowledge time credit filled application even begin working credit idea tell never made purchase finger hut produce invoice proof keep reaffirming debt asked documentation ignored want credit history debt owe
mortgages_and_loans,state lockdown work sensible auto push payment back far enough catch supposed make money workforce shut
credit_card,never approve credit line increase request always get response letter dont value customer even holiday wont increase want second card decline new account wanted thr delta sky mile card since travel much get mile card wont approve always complain
credit_card,capital one saks fifth avenue credit card created user attached account individual exist household
mortgages_and_loans,late payment showing credit set autopay way im gon na late checking account linked loan payment
credit_reporting,ive sent multiple company inaccurate violation reporting credit report ive ask investigate delete account misleading information account
debt_collection,recognize account impacted covid
credit_reporting,went help daughter get apartment informed management could get apartment name due good credit left decided pull credit see management lady talking shocked outcome report many item belong please remove item report xxxxxxxx
credit_reporting,sent letter regarding inaccurate unknown account credit report also informed letter impacted data breach may got wrong hand received response yet law state failure investigate item within day item must removed immediately well day demand inaccurate item immediately file litigation
credit_reporting,trying cosign mom vehicle car salesman told credit low told show report print copy item credit need removed soon possible item fraudulent account contacted ftc local police behalf please remove report u dept edxxxx xxxxxxxx xxxxxxxx company inquiry xxxxxxxx
credit_reporting,tried contacting company regarding unauthorized inquiry however returned call
credit_reporting,send dispute letter credit bureau experian verify information think incorrect wrong exercising right fair credit reporting act gave day response answer want item removed deleted
credit_reporting,unauthorized inquiry report written company result taken authorize inquiry auto finance authorize inquiry action authorize inquiry authorize inquiry capital one authorize inquiry
credit_reporting,pulled credit first time year derogatory item mine including two bankruptcy account fraudulent need deleted please remove unknown account name u dep ed u dep ed xxxxxxxx xxxxxxxx
debt_collection,spoke representive tinted window dollar made apply loan let payment sent account monterey financial charging plus debt collection monetary financials
credit_reporting,carefully going credit report seen fraudulent account inquiry belong account identity theft causing serious harm credit profile wrote experian failed respond wrote
retail_banking,usaa release checking account money keep day based policy cause lose everything worked entire life lose house vehicle everything usaa bank said making example give paycheck money day problem usaa nothing checking account credit card
retail_banking,two day ago paypal sent email notifying permanent account ca longer withdraw fund reached support team mail phone could provide reason aforementioned limitation agreed violate term condition cooperating solving issue
credit_reporting,account open filed multiple dispute uploaded proof received credit line increase closed account instead questioning continue report account closed thought actually look proof hold reporting entity regulation thought need prove report show proof different consumer supply
debt_collection,wife received call voicemail regarding potential qualification student loan forgiveness program direct account went understanding scam checking account info scheduled make payment today month next month month
retail_banking,care act retirement account allowed distributed closed fee penalty full amount sent soon sent writing filled form depsite email never sent fund reported da ftb sec fraud
credit_reporting,get medical bill doctor office contact tell balance insurance send first fed credit control oh information still want pay remove account credit report tell happy pay owe say dispute thru credit report agency say collection company want need help
retail_banking,paypal locked account advising able withdraw balance day
debt_collection,name capital one month never late pod special handing ssa fraud deposit change day totalxxxx insurance fraud state auto credit breach atm error refund blocked deposit billed labeled dated fraud alert
credit_reporting,account closed sent title already received tax form claim additional income account removed credit file experian reporting experian credit bureau
mortgages_and_loans,tried make deal company honda financial service offered catch continue paying normal monthly payment told vehicle pay full deliver decide situation going difficult catch
credit_reporting,jpmcb auto payment history account inaccurate never late credit report show day late month payoff check pay account full delivered chase attached tracking history proof
credit_card,account locked back due address fact changed address year provided necessary information asked multiple every time call check status account told fiu department department unlock account able contacted email sure absolutely true month access money bill pay baby provide verge suing company fraud
credit_reporting,ditech reporting payment made personal loan loan prior payment ever made account ditech report fraudulent totally made need removed report provide proof payment made
debt_collection,sent letter schrieber law llc requesting cease desist contacting regarding matter pertaining alleged debt original creditor desire work dealing fair share financial strife right due covid need added stress schreiber law llc well letting cfpb know going want record issue file
credit_reporting,checking credit notice account thats mine reporting stuff man im hearing know reporting inaccurate information report fcra need removed immediately written documentation consent ask removed deptedxxxx deptedxxxx
credit_reporting,one credit card company refuse remove day late never late card always autopay disputed account time never received anything credit card company explanation
credit_reporting,called get tv service trying set thing told already account open name outstanding balance due explained incorrect information told nothing identity compromised decided get report pulled see happening found several unknown account belong please get fraudulent account xxxxxxxx xxxxxxxx
retail_banking,pnc allow link checking account bank hold money charge ridiculously high fee saving account allow scammer easily access account
credit_reporting,contacted usaa credit bureau incorrect status account either party yet update correct information told usaa information would corrected credit bureau later today account status still showing charged incorrect account paid full submitted payment receipt bureau yet see account updated
credit_reporting,sent letter experian notifying checking credit report several inaccuracy reported late payment requested validate information provide copy documentation receiving response day sent letter demanding follow still yet receive validation proof investigation investigation method
credit_reporting,ask remove account belong many time yet proof account presented refusing follow rule fcra
credit_reporting,consistently trouble transunion applying credit credit score however transunion lender depriving better rate due transunion
credit_reporting,mortgage car loan credit card show experian open account show experian please update credit profile show open credit account
credit_reporting,responded offer aspire credit card instead soft inquiry standard offer aspire submitted hard credit inquiry reflected credit report called aspire asked speak supervisor phone operator told supervisor available
retail_banking,transferred renasant bank account renasant bank rejected ach deposit request sent fund back still havent got money back yet
debt_collection,fraudulant account result identity theft
credit_reporting,loan capital one bank usa always made payment time see always stellar payment record company tried contacting capital one bank usa successful resolution definitely error part
credit_reporting,co sign daughter honda dealership notice inquiry credit report different lender
credit_reporting,account past beyond statute limitation arizona reported new account opened
credit_reporting,late payment transunion credit report company called tested positive called ahead time let know would late agreed remove late payment also email saying yes sent fix letter transunion even proof well fix credit report take late payment
credit_card,see total cashback account redeem chat call never said anything redeeming cash back never show account doublecash pay payment statement citi gave cashback instead statement return
retail_banking,attempted link pncs account information mobile investment app named told due recent change pnc account unable linked
credit_reporting,credit card opened used fraudulently reported investigated agreed close account charge considered fraud see account debt charged totally misrepresentation fact categorically advised final determination investigation fraudulent charge filing legal remedy matter well si corrected credit report
credit_reporting,transunion blocked account reporting credit file dropped score almost pnts reason want account put back file limit limit limit attaching proof card mine please account immediately file
credit_card,late payment day reporting account never late account would like status updated
mortgages_and_loans,hello understanding mortgage loan reach value original purchasing price mortgage service required remove pmi reached mortgage company freedom mortgage stated need written request well appraisal understanding none needed loan reach information requesting pmi waiver please let know wrong wrong
credit_reporting,apply loan company illegally done
debt_collection,discover bank responded certified letter continuing report fraud account credit report inaccurate
credit_reporting,wrote letter consumer reporting agency disputing account reporting credit file consumer reporting agency stated investigated company account verified information accurate received letter clearly state unable locate record account requested debt validation company due diligence investigating
retail_banking,navy fedral credit union preventing opening account elsewhere paid nfcu full removed
credit_reporting,sent equifax request verify information sending original agreement signature regard debt collection account however received result original agreement confirmation receiving request thirty day since request received result today called equifax unable verify locate result sent
credit_reporting,several item inaccurately reporting credit file following item reporting either error result identity theft incorrect name transunion reporting incorrect name spelling according tu open date according open date bal reporting tu tu opened date opened date unauthorized inquiry time time never late
mortgages_and_loans,received letter settlement amount dont copy payed settlement amount county account ending account wife name well fargo still reporting account charged still past due account paid per settlement letter sent unfair unlawful please update credit report asap thank
credit_reporting,equifax holding tried time temporarily lift credit freeze part home purchase keep giving run around lift freeze even though pas security question keep sending overseas call center refuse let speak supervisor contrast great appreciate company choose preventing credit report run shut
credit_reporting,transunion reporting incorrect inquiry screen shot reporting incorrect inquiry s neither company posting contact information regarding misinforming agency suffering damage misinformation
mortgages_and_loans,bought vin purshase price added optional gap contract vehicle protection plan vpp vehicle care protection fl amount financed went total cost contacted dealer cancel optional charge told ca anything choice pay loan time one year refinance
credit_reporting,transunion call couple time dispute inquiry would work also send letter never got response back date letter would like get inquiry remove credit report inquiry bank inquiry credit union inquiry inquiry misc inquiry misc
credit_reporting,disputed several unverifiable item experian failed investigate disputed item within day moreover experian failed provide information file concerning disputed account stipulated section fair credit reporting act
credit_reporting,requesting letter method verification verifying bankruptcy experian need know experian verify bankruptcy add information individual credit report
debt_collection,report number date generated account name loanme account number account type unsecured responsibility individual date opened status closed written status updated balance balance updated recent payment monthly payment original balance highest balance term month
credit_reporting,credit score based outdated incorrect data drop drastically instead increasing based fact credit limit show wrong balance show incorrect usage incorrect attempt dispute fact offer direct mean documentation showing wrong unfairly treated
credit_reporting,acct reporting debt credit file owe debt mine never account opened account contacted advised fraud account need removed credit file
credit_reporting,sent dispute letter sold debt someonesle also file dispute jefferson capital system yet hear im sick ignoring request resolve credit issue
credit_reporting,account authorize company run credit additionally address name recognize personal profile please remove
credit_reporting,experian wont update scored paid service fcra violation inaccurate information reporting
debt_collection,tried call several time one answer phone disputed account credit bureau get taken reappears month later send proof account mine sent letter mail dispute way contact dispute collection account year old statue limitation
credit_reporting,disputed account reporting credit reporting agency finally reported error disputed today received mail notification deleted whole account report contacted transunion told cant dispute something isnt want account report balance credit line late payment
mortgages_and_loans,affected lost job reported oportun financial company could continue temporarily make payment due pandemic replied problem last payment day date deviated dl got job back made payment usd realized charging interest usd mention charge say anything notified affected
credit_reporting,credit report name unauthorized inquiry credit report want removed please inquiry reported credit report american express
mortgages_and_loans,account transferred yamaha motor finance corp yet receive bill pay pandemic score dropped almost point reporting late given chance pay since sold account another servicer
credit_reporting,sent letter verification old debt wanted removed due incorrect old
credit_reporting,account credit report rtaht dont belong account citcards cbna
debt_collection,account open identity theft flied identity theft report county police
credit_reporting,bsi financial service trying add back tax mortgage incurred previous mortgage company tax insurance accounted escrow ive complained enough went refinance another company tried tell company behind thats month appealed previous tax told resolved company scam legal representation im currently acquiring
mortgages_and_loans,due work since struggling pay mortgage recently retired living retirement plus saving due coronavirus pandemic
credit_reporting,account company ascendium education loan settled loan private another l lender company ascendium education never contact via mail phone disputed several time credit agency investing properly
credit_reporting,late payment showing account account closed since date last activity late payment ever made account payment history inaccurate
credit_reporting,need take credit got ten year three time paying
credit_reporting,balance owed delinquency reported account closed violation please delete chapter bankruptcy discharged furnished documentation whatsoever mean reporting false info care since made complaint cfpb
credit_card,cbna national credit card numerous unsolicited hard inquiry including burnout limited date national credit card co
credit_reporting,fraud account sent police report company still failed get issue resolved matter resolved pursue litigation
debt_collection,model finance company called hurassed mother said take jail guy wouldnt let get word yelled mother phone saying going get arrested well
credit_card,capital one grant access account online able verify identity multiple process process prefer sytem strict people traveling access get locked
credit_reporting,item reporting credit report belong please remove following item credit file since contacted attorney experian failed respond dispute day since disputed following item bal experian
debt_collection,portfolio recovery place collection credit profile claiming owe never card life
credit_reporting,three credit bureau lying verifying information creditor
credit_reporting,sending dispute letter asking egregious bankruptcy removed report provide original court record document provide proof filed bankruptcy
credit_reporting,information credit bankruptcy public record victim identity theft mistaken identity date report ref credit report belong
retail_banking,account texted saying representative cashapp send would send back long story short kept money refuse give anything back cashapp account ne send money really want money back caught lie anything guy help would great also screenshots conversation
credit_card,usaa confirms fraudulent activity found review claim see attatched usaa provide fraud credit fraud occurred see attatched transaction security adjustment xxxxcredit reversal begin account usaa revers credit usaa confirm fraud account clearly reversed credit merchant usaas
retail_banking,closed account year payment processing advance notice explanation
credit_reporting,file complaint credit card account number cutoff balance charge monthly
debt_collection,loan paid national credit adjuster collection contacted refuse remove account contact info collection ksxxxx
mortgages_and_loans,exeter finance hired someone contacting many people related fianc asking address information stating hired service upcoming wedding need get contact regarding service
mortgages_and_loans,tried get ppp loan bank america bofa numerous time passed small business favor large private equity institutional client
debt_collection,take trip due president u shutting country unable go vacation citi card cooperating able get either disputing amount
credit_reporting,wondering score keep going found credit showing saying owr never given company authorization written verbal reporting fraudulently would like credit report
credit_reporting,reached carmax since reduced hour covid granted extension however received negative credit marking late discus carmax care act section carmax refused remove negative marking
credit_reporting,account belong please remove mine mine original creditor mine dept balance updated never late im deferment late payment dept balance updated never late im deferment late payment
debt_collection,never even knew anything saying mine american express hired law firm take court case dismissed prehudice american express sending email saying missed payment case settled account never mine begin closed please see attached image proof
credit_card,refused talk problem verify u phone however go solve error
credit_reporting,hello checked report found inquiry recognize absolutely give company permission authorize anyone employed company make inquiry view credit report violation fair credit reporting act section c serious breach privacy right please remove thank advance
credit_card,promotional interest rate bank america credit card point changed payment option pay amount due opposed minimum amount however reason payment plan take effect even though still show amount due payment option still reflects website reason requesting bank america waive interest list amount
credit_card,applied credit card sale rep incorrectly inputed social security number caused declined credit card due deceased therefore creating unnecessary incorrect hard inquiry onto credit report
debt_collection,concord financial showing late payment never account numerous credit agency inquiry showing credit report never authorized inquiry
debt_collection,credit management lp trying collect debt owed debt dont know company added negative derogatory mark credit illegal
debt_collection,reaching family saying owe medical debit
credit_reporting,transunion scammed membership charge
credit_reporting,deferred mortgage payment month calling chase bank customer service approved needed travel country reporting negative
credit_reporting,received copy credit report noticed information recognize reached several time credit agency asking document bearing signature today receive document bearing signature would like help helping resolve matter
credit_reporting,thought matter settled month ago speaking notified record coaf contacting letter deletion company fraudulent liar
retail_banking,open account region bank cash next day closed account give cash back closed account pretty sure reason however care want money back
credit_reporting,tried freeze ar report past month gotten response replied last cfpb complaint said received letter certified mail receipt showing sent
debt_collection,requested verification validation debt photo copy identification s given ask numerous occasion requesting deleted due able verify information
credit_reporting,reached wrote three credit bureau identity fraud victim back company called amount also victimized fraud company called amount wrote numerous letter sent police report transunion response account mine need credit report immediately thank
credit_reporting,hello collection account added credit report unknown see attachment disputed account three credit bureau came back verified impossible account unknown please send document may record signed agreement account
credit_reporting,personal information match make sure right ssn full name
retail_banking,pnc bank enable business banking sync mobile vendor
credit_reporting,experian continue report false information report trying work experian week exhausted option trying resolve matter please help
mortgages_and_loans,corona virus deferred payment three charging day car payment helping time
credit_card,discover making threat report credit reporting even legal
credit_reporting,filed dispute experian fail verify account report accurate
mortgages_and_loans,applied refinance home loan estimate gave origination charge however loan closed change tell changed read loan fee complained forced sign cancelled loan take month loan
credit_reporting,sent letter disputing hard inquires recognize authorize xxxxt
credit_reporting,victim identity theft please remove fraudulent account inquiry credit report charge account authorized please block remove account credit report finance charge related fraudulent amount blocked removed
credit_reporting,walmart knowledge inquiry please remove trying buy house thanks
credit_reporting,interest isnt suppose added time
mortgages_and_loans,dovenmuehle purchased homeowner insurance home high price even though provided information current insurer time
retail_banking,bank ohio saving bank part new york community bank put flag account regarding change address problem already changed address month ago receiving statement new address banking entire time froze bill pay atm never told advance found tried log happened approximately
credit_reporting,issue going since experian fail remove bankruptcy claim verified court obtain verification federal court clerk asking verified credit bureau credit bureau refuse take letter clerk
debt_collection,settled account contacted told reporting credit bureau incorrectly
credit_card,hello writing bank america dispute open must know never received product may stolen relative card ending told never received product paying never got letter received said wait hear u
credit_reporting,victim identy theft someone stole information please investigate fraudulent account remove credit report
debt_collection,debt owed national credit system satisfied full made payment received letter company stating longer obligation relating account still reported credit bureau contacted collection company asked pay additional amount stop reporting credit bureau
credit_reporting,received update company far dispute account set disputed recently complaint said working received notice working bureau taken longer day upset sent multiple letter regarding issue think unfair according fcra day respond back response failure investigate want item removed report immediately
credit_reporting,fraudulently reporting wrong balance car loan credit bureau repeatedly fraudulently harming credit score balance reporting owe
credit_reporting,sent documentation bureau unknown inaccurate account report day today received response victim data breach demand deleted account file litigation
debt_collection,recently checking credit report noticed focus receivables management credit report recognize debt trying collect received anything company potential debt may owed recognize company collecting behalf never service company
credit_reporting,come attention multiple credit inquiry recognize authorized consenting please verify credit inquires well unauthorized inquiry please verify provide proof authorization original signature owner within business day compliance fcra
retail_banking,tried sending money pangea money transfer fee day transfer received calling repeatedly pangea havent anything get money transferred requested call back manager couple time one calling back exhausted resource get money back transfer id
debt_collection,phoenix financial service llc company claiming collection amount past account pay back phoenix financial claiming amount new amount information correct past account year ago amount claim age account new balance account need remove credit report affecting score incorrect information
credit_reporting,identity stolen unknown identity theft account open unknown theft listed complaint
debt_collection,contacted ar acct contacted company phone sent several dispute letter company reporting three credit bureau negatively damaging affecting obtaining credit agreement contract company law would need see contract signed signature ar provided information requested
credit_card,capital one credit card limit made overpayment company refused allow overpayment go toward credit limit allow make charge company refusing allow spend money account overpaid taking greater risk paid amount credit limit given overpayment made card purchase limit increase include overpayment
credit_reporting,consumer portfolio service initiated hard inquiry credit report without authorization inquiry improper unnecessary three inquiry done le day contacted consumer portfolio service phone told record inquiry also contacted writing response inquiry done following day
debt_collection,message left department voicemail stating debt debt collector spill outstanding debt company verbally warned call place work repeatedly called leaving time call
credit_card,bill account go reached company said saw payment try come bank rejected never notified rejection gave late payment get mortgage mark credit company help unfair situation
debt_collection,keep calling work asked call working hour listen call least time day
credit_reporting,agreed remove debt credit bureau agency paid full
credit_reporting,cant verify system refuse help
debt_collection,person called employer wife relentless sneaky returned call said could find file clue debt belief owe amount phone call recieved ridiculous told bos would know idea debt attempting collect request file formal complaint violating consumer right person calling calling say name
credit_reporting,collection bureau hudson valley double reporting credit file erroneous need removed credit violation fcra
credit_card,capital one failed refund fee interest late payment purchase dispute ultimately refunded capital one asked refund numerous time yet received personal contact
credit_reporting,filing submitting complaint following credit inquiry currently listed experian credit report fraudulent unauthorized credit inquiry
mortgages_and_loans,item need removed deleted credit inaccurate information reported
credit_reporting,bonneville collection reporting debt credit file owe recently checked credit noticed debt credit file called immediately paid debt never received phone call collection letter notice debt pretty sure violates day right dispute
credit_card,beginning covid thing shutting thought found job interview first person said talk seemed legitimate paid credit card thought next day go get gift card send picture card asked realized fraud looked card online saw charge called capital one said cant anything even though scammed fault
credit_reporting,cbe group reporting debt credit file owed recently pulled credit report noticed debt credit called hospital directly applied financial hardship took care debt cbe however still reporting debt credit file something longer owe erroneous account need removed debt solved longer reporting credit
credit_reporting,xxxxxxxx ran hard credit report without consent reported transunion credit report asked tarnsunion remove inquiry authorized refuse take dispute contacted told get letter authorizing removal contacted said record system
credit_reporting,lot issue credit report late payment negative account mine inquiry authorize account mine including letter explain item expect item deleted credit bureau compliant violation
credit_reporting,fraud department remove fraudulent account credit report
debt_collection,received written document debt owe letter falsely stated amount amount owed dollar company called original creditor never heard company violation cfpb law reported federal trade commission failure inform document right dispute false claim
credit_reporting,went try cash check transaction authorized received letter saying outstanding item may reported information reported
credit_reporting,inaccurate information credit report regard personal information address never lived may belong relative oh oh oh oh oh oh oh oh oh
credit_reporting,fraudulent account credit report disputing luck file identity theft claim included file
debt_collection,filled multiple ftc identity theft report also told company debt belong even sent company ftc identity theft report account still reporting credit report without sending validation debt asking company remove credit report preventing fee getting house
credit_card,bill dollar go reached company said saw payment try come bank rejected never notified rejection gave late payment get mortgage mark credit company help unfair situation
credit_reporting,discrepancy personal credit report violation consumer right please permanently delete block account inquiry transunion credit report account fraudulent unverifiable account inquiry xxxxxxxx account unverifiable fraudulent violation consumer right requesting permanently remove account inquiry
debt_collection,gm day ago sent letter mail company requesting validate debt account reflecting credit refusal pay validate felt debt mine yet provide documentation im requesting account removed credit bureau due company able validate debt documentation signature showing debt mine
mortgages_and_loans,loan chase auto car accident car totaled insurance company told make payment going pay car took month kept following chase reporting credit report
credit_reporting,notified lexus nexis fraudulent bankruptcy reported credit report
retail_banking,havent giving money donated he giving organization gave stimulus check others give dont know money came number
debt_collection,contacted debt owed paid directly symphony bank name credit card harassing threatening ruin credit livelihood said care medical condition contracted need better living situation fir daughter extreme hardship battling unemployed credit score decreased wait get house
mortgages_and_loans,first year vanderbilt raised payment due claim tree fell home senior fixed income know could afford make payment behind payment want lower payment make want money behind afford start good show guess want home
debt_collection,insurance cover medical bill company covered medicaid daughter never bill submitted credit reporting agency daughter insurance covered time
credit_reporting,transunion properly investigate complaint account disputed listed trade line called company spoke representative told company knowledge account said reporting tradelines transunion responded complaint stating item verified reporting correctly
debt_collection,wrote company validation letter verification never received response called sent told lady never received said ok would email called couple week later told never received email stated week passed still email called lady said ca email mailed told still received told law filing complaint
credit_reporting,company action attempted inform reporting agency equipment returned account removed
credit_reporting,experian combined another information account disputed experian deleted wrong phone number address however added wrong address recently also add collection account directly leading damage credit report
credit_reporting,loan chapter bankruptcy brclysbankde always made payment time see always stellar payment record company tried contacting chapter bankruptcy brclysbankde successful resolution definitely error part
debt_collection,credence resource manage knowledge account please delete credit report
credit_reporting,there two hard inquiry credit report dont know anything request unfair
retail_banking,penfed credit union debit card compromised issued new card fraudulent charge transaction still remains account calling penfed customer service several week agent talked done anything penfed also issue phone line call drop sudden
credit_reporting,noticed fraudulent inquiry credit report contacted transunion failed respond per fcra please help since concerned could hap pen future
credit_card,called time barclays phone number keep asking get dispute team hang purpose mailed dispute proof barclay address de want talk want resolve issue
debt_collection,paid debt lesser amount refusing provide delete letter credit bureau stated advised cfpb conversation recorded stating refusing speak credit bureau fix credit
credit_reporting,equifax added balance settled account report removed called dispute item readied incorrect account total back credit report dropped score bureau score respectively mistake stopping pursuing fha loan already told
credit_card,citicard several charge made disputed fraud charge company never gave credit charge contacted last week said would credit account still credited account charge fraud charge follows
credit_reporting,inquiry mine inquiry detail inquiry bank xxxxxxxx inquiry bank inquiry inquiry finance
credit_reporting,pulled credit alerted social security card getting stolen see list derogatory item mine including bankruptcy bankruptcy account fraudulent need deleted please remove unknown account name identity compromised information report incorrect chapter bankruptcy discarged
credit_reporting,identity stolen resulting fraudulent activity added credit file reporting hope corrected
credit_reporting,remove incorrect personal information disputing following personal information showing incorrect incorrect address fl fl fl fl correct address please see attached identification please remove incorrect employment information please remove authorized inquiry
credit_reporting,remove fraudulent information report
credit_reporting,looked score three major credit bureau found month credit history since show since credit statement back claim
debt_collection,thursday sometime debt company account recovery specialist inc contacted someone know looking debt phone number decide call person even know got name number
debt_collection,account synchrony bank paid debt protection plan account lost job early used debt protection account paid full closed recently got summons synchrony bank attempting sue debt already paid none synchrony account ever collection
mortgages_and_loans,loan transferred shellpoint mortgage transfer took place approximately payment made applied escrow portion escrow account transferred shell point provided multiple bank statement previous mortgage statement showing
credit_reporting,previously disputed public record credit report equifax said investigated result provided confirmed first issue investigated account stated federal law initiated request say even file name information public record deleted immediately credit report incorrect false